"","Case","Design","n.A","n.B","n.C","mis.A","mis.B","mis.C","m.A","m.B","m.C","md.A","md.B","md.C","sd.A","sd.B","sd.C","mad.A","mad.B","mad.C","min.A","min.B","min.C","max.A","max.B","max.C","trend.A","trend.B","trend.C"
"Marie","Marie","A-B-C",10,10,10,0,0,0,52,72.1,68,53.5,72.5,69,8.28653526310404,11.3671065408534,12.7017059221718,11.1195,10.3782,17.7912,39,47,51,63,85,87,-1.91515151515152,-0.612121212121209,-0.193939393939394
"Rosalind","Rosalind","A-B-C",15,8,7,0,0,0,52.2666666666667,73.25,66.4285714285714,52,72,68,8.1456970820416,13.1339255365637,10.4858180869392,7.413,10.3782,11.8608,37,54,52,65,97,78,0.5,0.642857142857149,-2.92857142857142
"Lise","Lise","A-B-C",20,7,3,0,0,0,52.35,73.5714285714286,71.3333333333333,52,73,76,10.8689562758489,10.6435761981448,21.3853532431273,10.3782,16.3086,20.7564,35,60,48,74,87,90,-0.0879699248120304,1.92857142857143,-14
